"alarm_id","alarm_code","alarm_name","machine_id","machine_name","component","tag_id","severity","immediate_safety_actions","resolution_steps","reset_conditions","restart_validation","required_profile"
"ALM-EST-0001","EST-0001","Prospecto ausente en estacion de plegado","ESTUCHADORA-01","Estuchadora","Estacion de alimentacion de prospecto","PONTIA.LACO01.ESTU01.LEAFLET.MISSING","CRITICAL_ERROR","Detener la maquina de forma inmediata mediante parada controlada|Asegurar que el sistema de rechazo automatico retira el estuche afectado antes de cualquier reanudacion|No liberar manualmente ningun estuche sospechoso de carecer de prospecto sin validacion de Calidad","Confirmar la parada segura de la maquina|Verificar que el estuche sin prospecto ha sido correctamente rechazado por el sistema automatico|Revisar el nivel de existencias en el almacen de prospectos|Inspeccionar el mecanismo de separacion de prospectos en busca de atascos o desajustes|Verificar la alineacion y limpieza del sensor de presencia de prospecto|Reponer el almacen de prospectos si es necesario|Realizar ciclos de prueba verificando la correcta introduccion de prospecto en cada estuche|Notificar a Calidad si existe sospecha de estuches afectados no rechazados","Sensor de presencia de prospecto confirmando deteccion correcta en ciclos de prueba|Mecanismo de separacion de prospectos verificado sin atascos|Notificacion a Calidad completada si aplica","Ejecutar 10 ciclos de prueba verificando presencia de prospecto en cada estuche|Confirmar ausencia de estuches sin prospecto en la salida|Validar con Calidad la liberacion de la linea","QUALITY"
"ALM-EST-0002","EST-0002","Doble prospecto detectado","ESTUCHADORA-01","Estuchadora","Estacion de alimentacion de prospecto","PONTIA.LACO01.ESTU01.LEAFLET.DOUBLE_DETECTED","ERROR","Verificar que el sistema de rechazo automatico ha retirado el estuche afectado|No reintroducir manualmente prospectos rechazados sin verificar su conformidad","Confirmar que el estuche con doble prospecto ha sido correctamente rechazado|Verificar el ajuste del mecanismo separador de prospectos|Comprobar el estado de los prospectos en el almacen (posible adherencia electrostatica)|Revisar la calibracion del sensor de control de espesor|Ajustar el separador o aplicar medidas antiestaticas si procede|Realizar ciclos de prueba verificando la deteccion correcta de espesor simple","Sensor de control de espesor confirmando deteccion de hoja simple en ciclos de prueba|Mecanismo separador de prospectos ajustado correctamente|Tasa de rechazo por doble prospecto dentro de los limites normales","Ejecutar 10 ciclos de prueba verificando deteccion correcta de espesor|Confirmar ausencia de rechazos sistematicos por doble prospecto|Validar estabilidad del proceso antes de reanudar velocidad nominal","MAINTENANCE"
"ALM-EST-0003","EST-0003","Estuche ausente en estacion de formacion","ESTUCHADORA-01","Estuchadora","Estacion de formacion de estuche (carton blank)","PONTIA.LACO01.ESTU01.CARTON.BLANK_MISSING","CRITICAL_ERROR","Detener el ciclo automatico si el fallo se repite de forma sistematica|No introducir las manos en la zona de extraccion de estuches con la maquina en movimiento","Confirmar el estado de funcionamiento de la maquina|Verificar el nivel de existencias en el magazine de estuches|Inspeccionar el mecanismo de extraccion de estuches|Comprobar el nivel de vacio de las ventosas de extraccion|Verificar el correcto apilado de los estuches en el magazine|Reponer el magazine si es necesario|Realizar ciclos de prueba verificando la correcta extraccion de estuches","Sensor de presencia de estuche confirmando deteccion correcta en ciclos de prueba|Magazine de estuches con existencias suficientes|Ventosas de extraccion con nivel de vacio adecuado","Ejecutar 5 ciclos de prueba verificando extraccion correcta de estuches|Confirmar ausencia de fallos repetidos de extraccion|Validar continuidad del proceso antes de reanudar velocidad nominal","OPERATOR"
"ALM-EST-0004","EST-0004","Fallo de apertura de estuche (formacion incompleta)","ESTUCHADORA-01","Estuchadora","Estacion de formacion de estuche","PONTIA.LACO01.ESTU01.CARTON.FORMING_INCOMPLETE","ERROR","Verificar que el sistema de rechazo automatico ha retirado el estuche afectado|No forzar manualmente la apertura de estuches con la maquina en movimiento","Confirmar que el estuche mal formado ha sido correctamente rechazado|Verificar el nivel de vacio de las ventosas de apertura de estuche|Inspeccionar el estado de los pliegues del carton del lote en curso|Comprobar el ajuste mecanico de las levas de formacion|Revisar las dimensiones del estuche respecto a especificacion|Ajustar el mecanismo de formacion segun procedimiento|Realizar ciclos de prueba verificando la correcta apertura del estuche","Sensor de verificacion de apertura confirmando geometria correcta en ciclos de prueba|Ventosas de apertura con nivel de vacio adecuado|Tasa de rechazo por formacion incompleta dentro de los limites normales","Ejecutar 10 ciclos de prueba verificando la correcta apertura del estuche|Confirmar ausencia de rechazos sistematicos por formacion incompleta|Validar con Calidad antes de reanudar produccion a velocidad nominal","MAINTENANCE"
"ALM-EST-0005","EST-0005","Atasco de estuche en linea de transporte","ESTUCHADORA-01","Estuchadora","Cadena de transporte de estuches","PONTIA.LACO01.ESTU01.CARTON.JAM_DETECTED","CRITICAL_ERROR","Pulsar parada de emergencia si existe riesgo para el operario|Aplicar bloqueo y consignacion (LOTO) antes de acceder a la zona de atasco|No introducir las manos en la zona de garras o cadena con la maquina energizada","Confirmar parada segura y consignacion de la maquina|Verificar ausencia de energia neumatica residual en el circuito|Retirar manualmente el estuche atascado|Inspeccionar garras y guias mecanicas en busca de deformaciones|Comprobar la alineacion de la cadena de transporte|Revisar el estado de los estuches del lote en curso|Retirar consignacion siguiendo el procedimiento de planta|Realizar prueba en vacio antes de reanudar produccion","Zona de transporte libre de obstrucciones confirmada visualmente|Garras y guias mecanicas en posicion correcta|Consignacion retirada segun procedimiento|Sensor de presencia en estado normal (inactivo)","Ejecutar 10 ciclos en vacio sin estuche|Ejecutar 10 ciclos con estuche real|Confirmar ausencia de nuevos atascos y correcta alineacion","MAINTENANCE"
"ALM-EST-0006","EST-0006","Producto ausente en zona de insercion","ESTUCHADORA-01","Estuchadora","Estacion de insercion de producto","PONTIA.LACO01.ESTU01.PRODUCT.MISSING_AT_INSERTION","CRITICAL_ERROR","Detener la maquina de forma inmediata mediante parada controlada|Asegurar que el sistema de rechazo automatico retira el estuche afectado antes de cualquier reanudacion|No liberar manualmente ningun estuche sospechoso de estar incompleto sin validacion de Calidad","Confirmar la parada segura de la maquina|Verificar que el estuche sin producto ha sido correctamente rechazado por el sistema automatico|Revisar la alimentacion de producto desde la estacion anterior de la linea|Verificar la alineacion y limpieza del sensor de presencia de producto|Inspeccionar la zona de insercion en busca de atascos|Realizar ciclos de prueba verificando la correcta insercion de producto en cada estuche|Notificar a Calidad si existe sospecha de estuches afectados no rechazados","Sensor de presencia de producto confirmando deteccion correcta en ciclos de prueba|Alimentacion de producto desde la estacion anterior verificada como estable|Notificacion a Calidad completada si aplica","Ejecutar 10 ciclos de prueba verificando presencia de producto en cada estuche|Confirmar ausencia de estuches incompletos en la salida|Validar con Calidad la liberacion de la linea","QUALITY"
"ALM-EST-0007","EST-0007","Fallo de cierre de solapa superior","ESTUCHADORA-01","Estuchadora","Estacion de cierre de solapas (flaps)","PONTIA.LACO01.ESTU01.CLOSING.TOP_FLAP_FAULT","ERROR","Verificar que el sistema de rechazo automatico ha retirado el estuche afectado|No introducir las manos en la zona de plegado con la maquina en movimiento","Confirmar que el estuche con solapa mal cerrada ha sido correctamente rechazado|Verificar el ajuste de las levas o guias de plegado de la solapa superior|Inspeccionar la boquilla de encolado en busca de obstrucciones|Comprobar el estado de los pliegues del carton del lote en curso|Verificar la velocidad de linea respecto al tiempo de fraguado del adhesivo|Ajustar el mecanismo de cierre segun procedimiento|Realizar ciclos de prueba verificando el correcto cierre de la solapa","Sensor de verificacion de cierre confirmando solapa correctamente cerrada en ciclos de prueba|Boquilla de encolado limpia y aplicando adhesivo de forma uniforme|Tasa de rechazo por fallo de cierre dentro de los limites normales","Ejecutar 10 ciclos de prueba verificando el correcto cierre de la solapa superior|Confirmar ausencia de rechazos sistematicos por fallo de cierre|Validar con Calidad antes de reanudar produccion a velocidad nominal","MAINTENANCE"
"ALM-EST-0008","EST-0008","Fallo de cierre de solapa inferior","ESTUCHADORA-01","Estuchadora","Estacion de cierre de solapas (flaps)","PONTIA.LACO01.ESTU01.CLOSING.BOTTOM_FLAP_FAULT","ERROR","Verificar que el sistema de rechazo automatico ha retirado el estuche afectado|No introducir las manos en la zona de plegado con la maquina en movimiento","Confirmar que el estuche con solapa mal cerrada ha sido correctamente rechazado|Verificar el ajuste de las levas o guias de plegado de la solapa inferior|Inspeccionar la boquilla de encolado en busca de obstrucciones|Comprobar el estado de los pliegues del carton del lote en curso|Verificar que el producto insertado no interfiere con el cierre correcto|Ajustar el mecanismo de cierre segun procedimiento|Realizar ciclos de prueba verificando el correcto cierre de la solapa","Sensor de verificacion de cierre confirmando solapa correctamente cerrada en ciclos de prueba|Boquilla de encolado limpia y aplicando adhesivo de forma uniforme|Tasa de rechazo por fallo de cierre dentro de los limites normales","Ejecutar 10 ciclos de prueba verificando el correcto cierre de la solapa inferior|Confirmar ausencia de rechazos sistematicos por fallo de cierre|Validar con Calidad antes de reanudar produccion a velocidad nominal","MAINTENANCE"
"ALM-EST-0009","EST-0009","Nivel bajo de adhesivo en deposito de cola caliente","ESTUCHADORA-01","Estuchadora","Sistema de encolado (hot melt)","PONTIA.LACO01.ESTU01.GLUE.LEVEL_LOW","ERROR","Avisar al operario para preparar la reposicion de adhesivo antes del agotamiento total|Utilizar guantes de proteccion termica al manipular el sistema de cola caliente, dado que opera a temperatura elevada|No tocar las boquillas de encolado ni el deposito sin proteccion adecuada","Confirmar el nivel real de adhesivo en el deposito|Preparar el adhesivo de recambio segun especificacion tecnica|Verificar que la temperatura del sistema de encolado es la adecuada para la manipulacion segura|Reponer el deposito de adhesivo siguiendo el procedimiento y usando equipo de proteccion termica|Verificar el funcionamiento del sensor de nivel tras la reposicion|Confirmar la correcta aplicacion de adhesivo en un ciclo de prueba","Nivel de adhesivo repuesto por encima del minimo especificado|Sensor de nivel en estado normal|Aplicacion de adhesivo verificada como uniforme en prueba","Ejecutar 5 ciclos de prueba verificando la correcta aplicacion de adhesivo|Confirmar ausencia de estuches con encolado deficiente|Verificar continuidad del suministro de adhesivo","OPERATOR"
"ALM-EST-0010","EST-0010","Temperatura de adhesivo fuera de rango","ESTUCHADORA-01","Estuchadora","Sistema de encolado (hot melt)","PONTIA.LACO01.ESTU01.GLUE.TEMP_OUT_OF_RANGE","CRITICAL_ERROR","Detener el ciclo de encolado de forma inmediata|No tocar el deposito, mangueras o boquillas de adhesivo por riesgo de quemadura, dado que operan a alta temperatura|Segregar el producto formado durante el periodo de temperatura fuera de rango, segun procedimiento de calidad","Confirmar la parada segura del proceso de encolado|Segregar el producto formado durante el periodo afectado segun procedimiento de calidad|Verificar el estado de la resistencia calefactora del sistema de encolado|Comprobar el termorregulador y su configuracion|Revisar el aislamiento termico del deposito y las lineas de adhesivo|Sustituir el componente danado segun diagnostico|Realizar ciclo de calentamiento de prueba verificando estabilidad de temperatura|Realizar prueba de adherencia sobre estuches de prueba antes de liberar la linea","Temperatura del sistema de encolado estable dentro del rango especificado|Prueba de adherencia superada en estuches de prueba|Producto afectado correctamente segregado y documentado","Monitorizar la temperatura durante 10 minutos de estabilizacion|Verificar adherencia en al menos 5 estuches de prueba|Validar con Calidad la liberacion de la linea","QUALITY"
"ALM-EST-0011","EST-0011","Codigo DataMatrix de estuche no verificado","ESTUCHADORA-01","Estuchadora","Camara de verificacion de codificacion de estuche","PONTIA.LACO01.ESTU01.VISION.CARTON_CODE_NOT_VERIFIED","CRITICAL_ERROR","Detener la maquina de forma inmediata mediante parada controlada|Asegurar que el sistema de rechazo automatico retira el estuche afectado antes de cualquier reanudacion|No liberar manualmente ningun estuche con codigo no verificado sin validacion de IT_SERIALIZATION y Calidad","Confirmar la parada segura de la maquina|Verificar que el estuche con codigo no verificado ha sido correctamente rechazado|Inspeccionar la calidad de impresion del codigo en el lote en curso|Limpiar el objetivo de la camara de verificacion|Verificar la iluminacion de la zona de lectura|Revisar la configuracion de la plantilla de verificacion para el formato en curso|Realizar ciclos de prueba verificando la correcta lectura y verificacion del codigo|Notificar a IT_SERIALIZATION y Calidad si existe sospecha de estuches afectados no rechazados","Sistema de vision confirmando verificacion correcta del codigo en ciclos de prueba|Camara limpia, enfocada y con iluminacion adecuada|Notificacion a IT_SERIALIZATION y Calidad completada si aplica","Ejecutar 10 ciclos de prueba verificando la correcta lectura y verificacion del codigo|Confirmar ausencia de estuches con codigo no verificado en la salida|Validar con IT_SERIALIZATION y Calidad la liberacion de la linea","IT_SERIALIZATION"
"ALM-EST-0012","EST-0012","Camara de verificacion desconectada","ESTUCHADORA-01","Estuchadora","Camara de verificacion de codificacion de estuche","PONTIA.LACO01.ESTU01.VISION.CAMERA_DISCONNECTED","CRITICAL_ERROR","Detener la maquina de forma inmediata ante la perdida de comunicacion con la camara|No forzar el modo de produccion sin verificacion de codigo bajo ninguna circunstancia|Aplicar bloqueo y consignacion electrica antes de intervenir sobre el cableado de la camara","Confirmar la parada segura de la maquina|Verificar el estado fisico del cableado de red y alimentacion de la camara|Comprobar la alimentacion electrica de la camara de vision|Revisar la configuracion de direccion IP de la camara|Reiniciar la camara siguiendo el procedimiento del fabricante|Sustituir la camara si se confirma un fallo interno|Confirmar la recuperacion de la comunicacion y de la funcion de verificacion","Camara de verificacion comunicando correctamente con el PLC|Direccion IP verificada como correcta|Cableado de red y alimentacion verificado sin danos","Confirmar verificacion correcta de codigo en 10 ciclos de prueba|Ejecutar ciclo automatico completo verificando estabilidad|Notificar a IT_SERIALIZATION la incidencia y su resolucion","IT_SERIALIZATION"
"ALM-EST-0013","EST-0013","Baja iluminacion en zona de lectura de codigo","ESTUCHADORA-01","Estuchadora","Modulo de iluminacion del sistema de vision","PONTIA.LACO01.ESTU01.VISION.LOW_ILLUMINATION","ERROR","Detener el ciclo si la tasa de rechazo por baja iluminacion se vuelve significativa|No mirar directamente hacia el modulo de iluminacion durante su funcionamiento","Confirmar el estado de funcionamiento de la maquina|Limpiar el difusor del modulo de iluminacion|Verificar el estado de los LED del modulo de iluminacion|Comprobar la alimentacion electrica del modulo|Verificar la alineacion del modulo respecto a la zona de lectura|Sustituir el modulo de iluminacion si se confirma degradacion o fallo|Realizar ciclos de prueba verificando el nivel de iluminacion y la verificacion de codigo","Nivel de iluminacion dentro del rango especificado de forma estable|Sistema de vision confirmando verificacion correcta en ciclos de prueba|Modulo de iluminacion limpio y alineado","Ejecutar 10 ciclos de prueba verificando iluminacion y verificacion de codigo|Confirmar ausencia de rechazos por baja iluminacion|Validar estabilidad antes de reanudar velocidad nominal","MAINTENANCE"
"ALM-EST-0014","EST-0014","Impresora de codificacion offline","ESTUCHADORA-01","Estuchadora","Impresora industrial de codificacion de estuche","PONTIA.LACO01.ESTU01.PRINTER.OFFLINE","CRITICAL_ERROR","Detener la maquina de forma inmediata ante la perdida de disponibilidad de la impresora|No forzar el modo de produccion sin codificacion activa bajo ninguna circunstancia|Aplicar bloqueo y consignacion electrica antes de intervenir sobre el cableado de la impresora","Confirmar la parada segura de la maquina|Verificar el estado del panel local de la impresora en busca de errores especificos|Comprobar el cableado de red y alimentacion de la impresora|Reiniciar la impresora siguiendo el procedimiento del fabricante|Verificar la configuracion de red y direccion IP de la impresora|Confirmar la recuperacion del estado ONLINE de la impresora|Realizar ciclos de prueba verificando la correcta impresion y verificacion del codigo","Impresora reportando estado ONLINE de forma estable|Cableado de red y alimentacion verificado sin danos|Comunicacion con el PLC restablecida","Confirmar impresion y verificacion correcta en 10 ciclos de prueba|Ejecutar ciclo automatico completo verificando estabilidad|Notificar a IT_SERIALIZATION la incidencia y su resolucion","IT_SERIALIZATION"
"ALM-EST-0015","EST-0015","Cartucho de tinta agotado en impresora","ESTUCHADORA-01","Estuchadora","Impresora industrial de codificacion de estuche","PONTIA.LACO01.ESTU01.PRINTER.INK_CARTRIDGE_EMPTY","ERROR","Avisar al operario para preparar el cartucho de recambio antes del agotamiento total|Seguir el procedimiento de manipulacion segura de consumibles de impresion (guantes si procede segun ficha de seguridad del consumible)","Confirmar el estado real del cartucho de tinta|Preparar el cartucho de recambio segun especificacion del fabricante|Sustituir el cartucho siguiendo el procedimiento de la impresora|Verificar el correcto reconocimiento del nuevo cartucho por el sistema|Realizar una impresion de prueba y verificar su calidad|Confirmar la verificacion correcta del codigo impreso mediante el sistema de vision","Cartucho de tinta sustituido y reconocido correctamente por la impresora|Impresion de prueba verificada como legible y conforme|Sistema de vision confirmando verificacion correcta","Realizar 5 impresiones de prueba verificando legibilidad|Confirmar verificacion correcta mediante el sistema de vision|Validar continuidad estable del proceso de codificacion","OPERATOR"
"ALM-EST-0016","EST-0016","Cola de impresion vacia o sin datos de lote","ESTUCHADORA-01","Estuchadora","Sistema de gestion de datos de codificacion","PONTIA.LACO01.ESTU01.PRINTER.QUEUE_EMPTY","ERROR","No introducir datos de lote de forma manual sin autorizacion expresa de IT_SERIALIZATION|Verificar el estado de la orden de fabricacion antes de cualquier accion","Verificar el estado de la orden de fabricacion activa en el sistema de serializacion|Comprobar la comunicacion con el servidor de datos de lote|Solicitar la descarga de nuevos datos de lote o el siguiente rango de numeros de serie|Verificar la correcta carga de los datos en la cola de impresion|Realizar una impresion de prueba verificando los datos recibidos|Confirmar la verificacion correcta del codigo impreso mediante el sistema de vision","Cola de impresion con datos de lote disponibles|Comunicacion con el servidor de datos de lote verificada como estable|Impresion de prueba verificada como correcta","Realizar 5 impresiones de prueba verificando los datos de lote y caducidad|Confirmar verificacion correcta mediante el sistema de vision|Validar continuidad estable del proceso de codificacion","IT_SERIALIZATION"
"ALM-EST-0017","EST-0017","Fallo de comunicacion con el servidor de serializacion","ESTUCHADORA-01","Estuchadora","Modulo de comunicaciones con servidor de serializacion","PONTIA.LACO01.ESTU01.SERIALIZATION.SERVER_COMM_FAULT","CRITICAL_ERROR","Detener la maquina de forma inmediata ante la perdida de comunicacion con el servidor|No forzar el modo de produccion en local sin autorizacion expresa de IT_SERIALIZATION|Contactar de inmediato con el departamento de IT_SERIALIZATION","Confirmar la parada segura de la maquina|Verificar el estado fisico del cableado de red hacia el servidor de serializacion|Comprobar el estado del servicio en el servidor central junto con IT_SERIALIZATION|Revisar el estado del switch o router de red asociado|Verificar que la configuracion de red no ha sido modificada|Restablecer la comunicacion y confirmar estabilidad|Confirmar la recuperacion de la funcion de serializacion completa","Comunicacion con el servidor de serializacion restablecida y estable|Servicio del servidor central confirmado como operativo por IT_SERIALIZATION|Cableado y equipos de red verificados sin fallos","Confirmar codificacion y verificacion correcta en 10 ciclos de prueba|Ejecutar ciclo automatico completo verificando estabilidad|Validar con IT_SERIALIZATION la liberacion de la linea","IT_SERIALIZATION"
"ALM-EST-0018","EST-0018","Error de agregacion de estuche a nivel superior","ESTUCHADORA-01","Estuchadora","Sistema de agregacion de serializacion","PONTIA.LACO01.ESTU01.SERIALIZATION.AGGREGATION_ERROR","CRITICAL_ERROR","Detener la maquina de forma inmediata mediante parada controlada|Asegurar que el sistema de rechazo automatico retira el estuche afectado antes de cualquier reanudacion|No forzar manualmente la agregacion sin autorizacion expresa de IT_SERIALIZATION","Confirmar la parada segura de la maquina|Verificar que el estuche con error de agregacion ha sido correctamente rechazado|Revisar el estado del nivel de agregacion abierto para la orden de fabricacion activa|Verificar la comunicacion con el servidor de serializacion en el momento del error|Comprobar si el codigo de estuche presenta una duplicidad|Contactar con IT_SERIALIZATION para el analisis del error especifico|Realizar ciclos de prueba verificando la correcta agregacion de estuches","Sistema de agregacion confirmando asociacion correcta en ciclos de prueba|Nivel de agregacion de la orden de fabricacion verificado como correcto|Notificacion a IT_SERIALIZATION completada","Ejecutar 10 ciclos de prueba verificando la correcta agregacion de estuches|Confirmar ausencia de nuevos errores de agregacion|Validar con IT_SERIALIZATION la liberacion de la linea","IT_SERIALIZATION"
"ALM-EST-0019","EST-0019","Sobrecorriente en motor principal de arrastre","ESTUCHADORA-01","Estuchadora","Motor principal de arrastre de cadena","PONTIA.LACO01.ESTU01.MAIN_MOTOR.OVERCURRENT","CRITICAL_ERROR","Detener la maquina de forma inmediata mediante parada controlada|Aplicar bloqueo y consignacion electrica antes de intervenir sobre el motor o el variador|No intentar rearmar el guardamotor de forma repetida sin diagnosticar la causa","Confirmar la parada segura y consignacion electrica del motor principal|Verificar la existencia de atascos o resistencia mecanica anormal en el tren de arrastre|Medir la resistencia de aislamiento y el estado electrico del motor|Inspeccionar el variador de frecuencia en busca de codigos de fallo|Comprobar el estado de rodamientos y elementos mecanicos asociados|Sustituir o reparar el componente danado segun diagnostico|Retirar la consignacion siguiendo el procedimiento de planta|Realizar arranque de prueba a carga reducida","Corriente del motor principal dentro de los limites nominales|Ausencia de atascos o resistencia mecanica anormal|Consignacion electrica retirada","Ejecutar arranque de prueba con monitorizacion de corriente|Ejecutar 5 ciclos automaticos en vacio|Confirmar estabilidad de la corriente durante el ciclo completo","MAINTENANCE"
"ALM-EST-0020","EST-0020","Perdida de fase en alimentacion electrica","ESTUCHADORA-01","Estuchadora","Alimentacion electrica trifasica","PONTIA.LACO01.ESTU01.POWER.PHASE_LOSS","CRITICAL_ERROR","No intentar rearmar el interruptor general sin identificar la causa de la perdida de fase|Aplicar bloqueo y consignacion electrica antes de revisar el cuadro electrico|Avisar de inmediato al departamento de automatizacion o mantenimiento electrico","Confirmar la parada total de la maquina por perdida de fase|Aplicar bloqueo y consignacion sobre el interruptor general|Verificar el estado de los fusibles de cada fase|Inspeccionar el interruptor automatico general|Revisar las conexiones del cuadro electrico en busca de flojedad o dano|Verificar el suministro electrico de planta aguas arriba del cuadro|Sustituir el componente danado segun diagnostico|Retirar la consignacion siguiendo el procedimiento de planta","Las tres fases de alimentacion presentan tension estable y equilibrada|Interruptor general y fusibles verificados en buen estado|Consignacion electrica retirada","Verificar tension en las tres fases con la maquina energizada|Ejecutar arranque de prueba de los motores principales|Confirmar ausencia de nuevas alarmas de fase","MAINTENANCE"
"ALM-EST-0021","EST-0021","Seta de emergencia activada","ESTUCHADORA-01","Estuchadora","Pulsador de parada de emergencia","PONTIA.LACO01.ESTU01.SAFETY.ESTOP_ACTIVE","CRITICAL_ERROR","Verificar la causa real de la activacion antes de cualquier rearme|No rearmar la seta sin confirmar que la zona esta en condicion segura|Comunicar la activacion al responsable de turno segun procedimiento de seguridad","Identificar la seta de emergencia activada|Evaluar la causa de la activacion (persona, fallo tecnico, procedimiento)|Verificar que no existan personas ni objetos en zonas de riesgo|Inspeccionar el circuito de seguridad asociado a la seta|Rearmar la seta de emergencia girando o tirando segun el modelo instalado|Confirmar el rearme del rele de seguridad general|Verificar en el HMI que la alarma se ha limpiado correctamente","Seta de emergencia desenclavada fisicamente|Zona de riesgo verificada como libre de personas u obstaculos|Rele de seguridad general rearmado correctamente","Confirmar en el HMI ausencia de alarmas de seguridad activas|Ejecutar un ciclo de prueba en modo manual|Confirmar funcionamiento normal antes de pasar a modo automatico","OPERATOR"
"ALM-EST-0022","EST-0022","Puerta de acceso abierta durante operacion","ESTUCHADORA-01","Estuchadora","Puerta de seguridad frontal","PONTIA.LACO01.ESTU01.SAFETY.GUARD_DOOR_OPEN","CRITICAL_ERROR","No acceder al interior de la maquina hasta confirmar la parada total de todos los movimientos|Precaucion con el sistema de encolado, que puede permanecer caliente|Aplicar bloqueo y consignacion si la intervencion requiere permanencia prolongada dentro del area protegida","Confirmar la parada total de los movimientos de la maquina|Verificar la causa de la apertura de la puerta|Inspeccionar el sistema de enclavamiento y el sensor de posicion|Cerrar correctamente la puerta de seguridad|Confirmar que el enclavamiento mecanico queda correctamente asentado|Rearmar la alarma desde el HMI o el pulsador correspondiente","Puerta de seguridad cerrada y enclavada correctamente|Sensor de posicion de puerta en estado normal (cerrado)|Ausencia de personas en el interior de la zona protegida","Confirmar en el HMI ausencia de alarmas de seguridad activas|Ejecutar un ciclo de prueba en modo manual|Verificar el correcto funcionamiento del enclavamiento antes de pasar a modo automatico","OPERATOR"
"ALM-EST-0023","EST-0023","Barrera fotoelectrica interrumpida","ESTUCHADORA-01","Estuchadora","Barrera fotoelectrica de acceso","PONTIA.LACO01.ESTU01.SAFETY.LIGHT_CURTAIN_BROKEN","CRITICAL_ERROR","No introducir ninguna parte del cuerpo en la zona protegida hasta confirmar la parada total|Verificar la causa de la interrupcion antes de proceder al rearme|No puentear ni anular la barrera fotoelectrica bajo ninguna circunstancia","Confirmar la parada total de los movimientos de la maquina|Verificar que no existan personas u objetos dentro de la zona protegida|Limpiar los emisores y receptores de la barrera fotoelectrica|Comprobar la alineacion de la barrera segun especificacion|Revisar el cableado y el modulo de seguridad asociado|Rearmar la barrera desde el pulsador o el HMI correspondiente","Barrera fotoelectrica sin interrupcion del haz confirmada|Zona protegida verificada como libre de obstaculos|Modulo de seguridad rearmado correctamente","Confirmar en el HMI ausencia de alarmas de seguridad activas|Ejecutar un ciclo de prueba en modo manual|Verificar el correcto funcionamiento de la barrera antes de pasar a modo automatico","OPERATOR"
"ALM-EST-0024","EST-0024","Rele de seguridad no rearmado","ESTUCHADORA-01","Estuchadora","Rele de seguridad general","PONTIA.LACO01.ESTU01.SAFETY.RELAY_NOT_RESET","CRITICAL_ERROR","No forzar el rearme del rele de seguridad de ninguna forma|No puentear el circuito de seguridad bajo ninguna circunstancia|Verificar el estado de todas las entradas de seguridad antes de intervenir","Revisar el estado de todas las entradas de seguridad asociadas al rele (setas, puertas, barreras)|Confirmar que todas las condiciones de seguridad estan resueltas|Verificar el cableado del circuito de seguridad|Comprobar el estado del propio rele de seguridad segun manual|Sustituir el rele si se confirma un fallo interno|Realizar la secuencia de rearme en el orden especificado por el fabricante","Todas las entradas de seguridad en estado normal|Cableado del circuito de seguridad verificado sin danos|Rele de seguridad confirmando estado de rearme","Confirmar en el HMI ausencia de alarmas de seguridad activas|Ejecutar un ciclo de prueba en modo manual|Verificar la respuesta del circuito de seguridad ante una apertura de puerta simulada controlada","AUTOMATION"
"ALM-EST-0025","EST-0025","Presion de aire comprimido baja","ESTUCHADORA-01","Estuchadora","Circuito general de aire comprimido","PONTIA.LACO01.ESTU01.PNEUMATIC.MAIN_PRESSURE_LOW","CRITICAL_ERROR","Detener la maquina de forma inmediata mediante parada controlada|No intentar operar manualmente los actuadores neumaticos con presion insuficiente|Verificar el estado de la red general de aire comprimido antes de reanudar","Confirmar la parada segura de la maquina|Verificar la presion de suministro general de aire comprimido de planta|Inspeccionar el circuito neumatico de la maquina en busca de fugas visibles o audibles|Comprobar el estado del filtro regulador de la unidad de mantenimiento|Verificar la posicion de la valvula general de corte|Contactar con mantenimiento de planta si el fallo procede de la red general|Restablecer la presion y confirmar estabilidad en el manometro","Presion general de aire comprimido por encima de 4.5 bar de forma estable|Ausencia de fugas detectadas en el circuito neumatico|Filtro regulador limpio y en buen estado","Monitorizar la presion durante 10 minutos de funcionamiento en vacio|Ejecutar 5 ciclos completos verificando estabilidad de todos los actuadores neumaticos|Confirmar ausencia de nuevas alarmas de presion","MAINTENANCE"
"ALM-EST-0026","EST-0026","Encoder sin pulsos en eje maestro de la maquina","ESTUCHADORA-01","Estuchadora","Encoder incremental del eje maestro","PONTIA.LACO01.ESTU01.MASTER_AXIS.ENCODER_NO_PULSES","CRITICAL_ERROR","Detener el motor principal de forma inmediata mediante parada controlada|Aplicar bloqueo y consignacion electrica antes de intervenir en el encoder o su cableado|No intentar mover el eje manualmente con el motor bajo tension","Confirmar la parada segura y consignacion del motor principal|Inspeccionar el cableado del encoder en toda su longitud|Verificar el acoplamiento mecanico entre el eje maestro y el encoder|Comprobar la alimentacion electrica del encoder|Sustituir el encoder si se confirma un fallo interno|Retirar la consignacion siguiendo el procedimiento de planta|Realizar movimiento de prueba a baja velocidad verificando lectura de pulsos","Encoder maestro generando pulsos de forma estable y continua|Acoplamiento mecanico verificado y firme|Consignacion electrica retirada","Ejecutar movimiento a baja velocidad confirmando lectura correcta de posicion|Ejecutar 5 ciclos automaticos en vacio|Confirmar sincronismo correcto entre todas las estaciones durante el ciclo completo","AUTOMATION"
"ALM-EST-0027","EST-0027","Temperatura elevada en armario electrico","ESTUCHADORA-01","Estuchadora","Armario electrico de control","PONTIA.LACO01.ESTU01.CABINET.TEMP_HIGH","ERROR","No abrir el armario electrico bajo tension sin la formacion y equipo de proteccion adecuados|Verificar la temperatura antes de realizar cualquier intervencion interna","Verificar el funcionamiento del sistema de ventilacion o climatizacion del armario|Limpiar o sustituir los filtros de ventilacion obstruidos|Comprobar que las rejillas de ventilacion no esten bloqueadas|Verificar la temperatura ambiente de la sala electrica|Revisar posibles fuentes de calor adicional dentro del armario|Confirmar la reduccion progresiva de la temperatura tras la intervencion","Temperatura del armario electrico por debajo del umbral de alarma|Sistema de ventilacion o climatizacion funcionando correctamente|Filtros de ventilacion limpios y sin obstrucciones","Monitorizar la temperatura del armario durante 30 minutos de funcionamiento|Confirmar estabilidad termica bajo carga normal de produccion|Verificar ausencia de nuevas alarmas de temperatura","MAINTENANCE"
"ALM-EST-0028","EST-0028","Fallo de fuente de alimentacion 24V DC","ESTUCHADORA-01","Estuchadora","Fuente de alimentacion 24V DC","PONTIA.LACO01.ESTU01.POWER.24VDC_SUPPLY_FAULT","CRITICAL_ERROR","Aplicar bloqueo y consignacion electrica antes de intervenir sobre la fuente de alimentacion|No puentear fusibles ni proteger de forma provisional el circuito de 24V DC|Verificar ausencia de tension antes de manipular conexiones","Confirmar la parada segura y consignacion electrica de la maquina|Verificar la tension de salida de la fuente de 24V DC con multimetro|Inspeccionar el circuito en busca de cortocircuitos en sensores o valvulas|Comprobar el estado del fusible de proteccion asociado|Revisar las conexiones del bornero de salida de la fuente|Sustituir la fuente de alimentacion si se confirma el fallo interno|Retirar la consignacion siguiendo el procedimiento de planta|Verificar la tension estable tras la reparacion","Tension de salida de la fuente de 24V DC dentro del rango 21.6V a 26.4V|Ausencia de cortocircuitos detectados en el circuito|Consignacion electrica retirada","Verificar tension estable durante 10 minutos de funcionamiento|Ejecutar 5 ciclos automaticos completos|Confirmar ausencia de nuevas alarmas de alimentacion","MAINTENANCE"
"ALM-EST-0029","EST-0029","Perdida de comunicacion con el PLC de linea","ESTUCHADORA-01","Estuchadora","Modulo de comunicaciones de la estuchadora","PONTIA.LACO01.ESTU01.COMMS.PLC_LINK_LOST","CRITICAL_ERROR","Detener la maquina de forma segura ante la perdida de comunicacion|No forzar el modo local sin autorizacion del responsable de automatizacion|Verificar el estado de la red antes de intentar reconectar","Confirmar la parada segura de la maquina|Verificar el estado fisico del cableado de red industrial|Comprobar el estado del switch de red asociado|Revisar la configuracion de direccion IP del PLC local|Verificar el estado del modulo de comunicaciones|Restablecer la conexion de red|Confirmar la recuperacion de la comunicacion con el controlador maestro","Comunicacion con el controlador maestro restablecida y estable|Direccion IP verificada como unica en la red|Cableado y switch de red verificados sin fallos","Confirmar intercambio de datos correcto con el controlador maestro|Ejecutar 5 ciclos automaticos coordinados con la linea|Verificar ausencia de nuevas perdidas de comunicacion","AUTOMATION"
"ALM-EST-0030","EST-0030","Datos de lote incorrectos recibidos del sistema de linea","ESTUCHADORA-01","Estuchadora","Sistema de gestion de datos de orden de fabricacion","PONTIA.LACO01.ESTU01.DATA.BATCH_DATA_INVALID","ERROR","No forzar la introduccion manual de datos de lote sin autorizacion expresa de Calidad e IT_SERIALIZATION|Detener cualquier intento de produccion con datos de lote no validados","Confirmar la parada o bloqueo del inicio de produccion|Verificar el origen y contenido de los datos de lote recibidos|Comprobar la configuracion de la receta y el formato de fecha de caducidad|Solicitar al sistema MES o de linea el reenvio de los datos de lote|Validar los nuevos datos recibidos segun el procedimiento de calidad|Confirmar con IT_SERIALIZATION la correccion del error de origen si procede","Datos de lote recibidos y validados correctamente segun formato y rango esperado|Receta de la orden de fabricacion verificada como correcta|Validacion de Calidad e IT_SERIALIZATION completada","Realizar impresion y verificacion de 5 estuches de prueba con los nuevos datos|Confirmar coherencia de lote y caducidad impresos|Validar con Calidad la liberacion de la linea","QUALITY"
"ALM-EST-0031","EST-0031","Bandeja de rechazo llena","ESTUCHADORA-01","Estuchadora","Sistema de rechazo de estuches no conformes","PONTIA.LACO01.ESTU01.REJECT.BIN_FULL","ERROR","Detener el ciclo automatico si la bandeja alcanza su capacidad maxima|Manipular los estuches rechazados siguiendo el procedimiento de gestion de producto no conforme","Confirmar la parada segura de la maquina si es necesario|Vaciar la bandeja de rechazo siguiendo el procedimiento de gestion de producto no conforme|Verificar el funcionamiento del sensor de nivel tras el vaciado|Revisar si existe una causa raiz que este incrementando la tasa de rechazo de forma anormal|Documentar la cantidad de producto rechazado segun procedimiento de calidad","Bandeja de rechazo vaciada y por debajo del nivel de alarma|Sensor de nivel en estado normal|Documentacion de producto no conforme completada","Confirmar en el HMI ausencia de alarma de bandeja llena|Ejecutar ciclo de prueba verificando el correcto funcionamiento del rechazo|Verificar tasa de rechazo dentro de los limites normales","OPERATOR"
"ALM-EST-0032","EST-0032","Producto rechazado sin confirmacion de expulsion","ESTUCHADORA-01","Estuchadora","Sistema de rechazo de estuches no conformes","PONTIA.LACO01.ESTU01.REJECT.EJECTION_NOT_CONFIRMED","CRITICAL_ERROR","Detener la maquina de forma inmediata mediante parada controlada|No reanudar la produccion hasta confirmar visualmente la ubicacion del estuche implicado|Aplicar bloqueo y consignacion antes de intervenir sobre el mecanismo de rechazo","Confirmar la parada segura de la maquina|Localizar fisicamente el estuche que debia haber sido rechazado|Verificar si el estuche localizado es efectivamente no conforme y segregarlo segun corresponda|Aplicar bloqueo y consignacion sobre el mecanismo de rechazo para su inspeccion|Verificar el estado del cilindro o empujador de rechazo|Comprobar la alineacion y el funcionamiento del sensor de confirmacion de expulsion|Verificar la presion neumatica del actuador de rechazo|Retirar la consignacion siguiendo el procedimiento de planta|Realizar ciclos de prueba de rechazo verificando confirmacion de expulsion|Notificar a Calidad la incidencia para evaluar el impacto en la produccion previa","Mecanismo de rechazo confirmando expulsion correcta en ciclos de prueba|Sensor de confirmacion de expulsion funcionando correctamente|Notificacion a Calidad completada","Ejecutar 10 ciclos de prueba de rechazo forzado verificando confirmacion de expulsion|Confirmar ausencia de nuevos fallos de confirmacion|Validar con Calidad la liberacion de la linea","QUALITY"
"ALM-EST-0033","EST-0033","Modo manual activado con ciclo en curso","ESTUCHADORA-01","Estuchadora","Selector de modo de operacion","PONTIA.LACO01.ESTU01.MODE.MANUAL_DURING_CYCLE","ERROR","Confirmar la intencion del cambio de modo antes de proceder con cualquier accion manual|No mezclar movimientos manuales con restos de una secuencia automatica sin verificar el estado de la maquina","Verificar el motivo del cambio a modo manual|Comprobar el estado del estuche en curso en el momento de la detencion|Retirar manualmente cualquier estuche parcialmente procesado si es necesario, siguiendo el procedimiento|Verificar el estado del selector de modo si se sospecha un fallo o falso contacto|Confirmar que todos los actuadores se encuentran en una posicion segura|Devolver el selector a modo automatico cuando la intervencion haya finalizado","Selector de modo en posicion automatica confirmada|Zona de trabajo verificada como libre de estuches mal posicionados|Ausencia de otras alarmas activas en el sistema","Ejecutar un ciclo de prueba en modo automatico tras la reanudacion|Confirmar la correcta secuencia de encartonado sin anomalias|Verificar que no quedan estuches pendientes de la secuencia interrumpida","OPERATOR"
"ALM-EST-0034","EST-0034","Fallo de contactor del motor principal","ESTUCHADORA-01","Estuchadora","Contactor principal del motor de arrastre","PONTIA.LACO01.ESTU01.MAIN_MOTOR.CONTACTOR_FAULT","CRITICAL_ERROR","Aplicar bloqueo y consignacion electrica antes de intervenir sobre el contactor|No puentear el contacto auxiliar de confirmacion bajo ninguna circunstancia|Verificar la ausencia de tension antes de manipular el contactor","Confirmar la parada segura y consignacion electrica del circuito del motor principal|Inspeccionar visualmente el estado de los contactos del contactor|Verificar el estado de la bobina del contactor|Comprobar el contacto auxiliar de confirmacion de estado|Revisar el cableado de mando asociado al contactor|Sustituir el contactor si se confirma el fallo|Retirar la consignacion siguiendo el procedimiento de planta|Realizar prueba de arranque y parada controlada","Contactor confirmando correctamente el estado de arranque y parada|Cableado de mando verificado sin danos|Consignacion electrica retirada","Ejecutar 3 ciclos de arranque y parada controlada verificando confirmacion del contactor|Ejecutar ciclo automatico completo en vacio|Confirmar ausencia de nuevas alarmas de contactor","MAINTENANCE"
"ALM-EST-0035","EST-0035","Peso de estuche fuera de tolerancia (control ponderal)","ESTUCHADORA-01","Estuchadora","Balanza dinamica de control de peso","PONTIA.LACO01.ESTU01.WEIGHING.OUT_OF_TOLERANCE","ERROR","Verificar que el sistema de rechazo automatico ha retirado el estuche afectado|No liberar manualmente un estuche con peso fuera de tolerancia sin validacion de Calidad","Confirmar que el estuche con peso fuera de tolerancia ha sido correctamente rechazado|Verificar la calibracion de la balanza dinamica con pesas patron|Inspeccionar el estuche rechazado para determinar la causa del peso anomalo|Comprobar la existencia de vibraciones anormales en la zona de pesaje|Ajustar la calibracion de la balanza si procede|Notificar a Calidad si se confirma un estuche incompleto no detectado por otros sistemas|Realizar ciclos de prueba verificando la correcta medicion de peso","Balanza dinamica verificada como correctamente calibrada|Sistema de control ponderal confirmando mediciones estables en ciclos de prueba|Notificacion a Calidad completada si aplica","Ejecutar 10 ciclos de prueba verificando el peso de estuches conformes conocidos|Confirmar ausencia de rechazos sistematicos por peso fuera de tolerancia|Validar con Calidad la liberacion de la linea","QUALITY"
